id_cliente,nombre,consultora,email,telefono,programa,fecha inicio,estado,rubro,que vende,cliente ideal,problema,oferta,promesa,mensaje,canal,diferencial,modelo,antiguedad,equipo,moneda,ticket,meta mensual,facturacion actual,precio,ventas ultimo mes,tracker,cuenta inversa,valor programa,forma de pago,cuotas,garantia,texto_onboarding,notas,color favorito
FB-001,Hernán Ledesma,Julieta Ponce,,+54 9 11 6992 2886,4,13/02/2026,activo,Software a medida,,,,,,Dejá de vender por referidos,Instagram,,infoproducto,,,ARS,2.100.000,10.500.000,2.100.000,,4,sí,,,,,,,Viene de una consultora anterior.,azul
FB-002,Diego Aguirre,Julieta Ponce,diego.aguirre@ejemplo.com,+54 9 11 5386 6166,4,08/07/2026,activo,Contabilidad,Servicio profesional a medida,Dueños de negocios chicos que ya facturan,No tiene un proceso de venta que se repita,Programa de 8 semanas con seguimiento,Duplicar las conversaciones en 60 días,,,"Acompaña la ejecución, no sólo la estrategia",infoproducto,6,,ARS,2.500.000,10.000.000,,2.500.000,2,no,08/07/2026,2.400.000,,,,,,azul
FB-003,Ramiro Ramírez,Lucía Fernández,ramiro.ramirez@ejemplo.com,,6,23/07/2026,finalizado,Marketing,,,,,,Dejá de vender por referidos,,,servicio,,5,ARS,800.000,,,800.000,4,sí,,,contado,,sí,,,azul
FB-004,Hernán Escobar,Sofía Álvarez,hernan.escobar@ejemplo.com,,6,16/02/2026,activo,Software a medida,Servicio profesional a medida,Dueños de negocios chicos que ya facturan,No tiene un proceso de venta que se repita,Programa de 8 semanas con seguimiento,Duplicar las conversaciones en 60 días,,,"Acompaña la ejecución, no sólo la estrategia",,9,,ARS,1.000.000,5.000.000,,,1,sí,16/02/2026,,,6,,Onboarding de Hernán Escobar. Vende nutrición y quiere ordenar su venta.,,azul
FB-005,Gabriela Ojeda,Paula Giménez,gabriela.ojeda@ejemplo.com,,4,19/04/2026,activo,Indumentaria,,,,,,Dejá de vender por referidos,WhatsApp,,producto,,8,ARS,600.000,3.000.000,1.200.000,,,no,,2.400.000,,,sí,,,verde
FB-006,Marta Pérez,Paula Giménez,,+54 9 11 4549 2982,6,01/04/2026,activo,Arquitectura,Servicio profesional a medida,Dueños de negocios chicos que ya facturan,No tiene un proceso de venta que se repita,Programa de 8 semanas con seguimiento,Duplicar las conversaciones en 60 días,,WhatsApp,"Acompaña la ejecución, no sólo la estrategia",infoproducto,15,2,ARS,1.900.000,,5.700.000,1.900.000,0,sí,01/04/2026,,contado,6,,,,ninguno
FB-007,Cecilia Núñez,Sofía Álvarez,cecilia.nunez@ejemplo.com,,4,12/07/2026,finalizado,Diseño de interiores,,,,,,Dejá de vender por referidos,Instagram,,producto,13,,ARS,,5.000.000,,,3,,,,,4,,,,ninguno
FB-008,Gabriela Escobar,Camila Duarte,gabriela.escobar@ejemplo.com,,4,02/09/2026,activo,Indumentaria,Servicio profesional a medida,Dueños de negocios chicos que ya facturan,No tiene un proceso de venta que se repita,Programa de 8 semanas con seguimiento,Duplicar las conversaciones en 60 días,,LinkedIn,"Acompaña la ejecución, no sólo la estrategia",producto,6,3,ARS,,,,2.200.000,,,,2.400.000,cuotas,4,sí,Onboarding de Gabriela Escobar. Vende nutrición y quiere ordenar su venta.,,verde
FB-009,Verónica Bravo,Julieta Ponce,veronica.bravo@ejemplo.com,,4,10/05/2026,activo,Nutrición,,,,,,,,,servicio,12,,ARS,2.800.000,,2.800.000,2.800.000,,,,,contado,4,,,Viene de una consultora anterior.,azul
FB-010,Silvia Cabrera,Camila Duarte,silvia.cabrera@ejemplo.com,+54 9 11 6944 3226,6,16/08/2026,pausado,Software a medida,Servicio profesional a medida,Dueños de negocios chicos que ya facturan,No tiene un proceso de venta que se repita,Programa de 8 semanas con seguimiento,Duplicar las conversaciones en 60 días,,,"Acompaña la ejecución, no sólo la estrategia",producto,,,ARS,800.000,,,800.000,4,,,,cuotas,6,,,Viene de una consultora anterior.,ninguno
FB-011,Verónica Suárez,Camila Duarte,,+54 9 11 5736 6451,6,01/09/2026,activo,Nutrición,,,,,,,Instagram,,servicio,2,,ARS,400.000,,,,4,sí,01/09/2026,3.600.000,contado,,sí,,,ninguno
FB-012,Juan Ramírez,Lucía Fernández,juan.ramirez@ejemplo.com,,4,31/07/2026,pausado,Arquitectura,,,,,,Dejá de vender por referidos,Instagram,,servicio,9,4,ARS,600.000,,1.200.000,600.000,,,31/07/2026,2.400.000,,4,sí,,,azul
FB-013,Rodrigo Ramírez,Valentina Ruiz,rodrigo.ramirez@ejemplo.com,+54 9 11 6945 9374,6,22/04/2026,activo,Nutrición,,,,,,Dejá de vender por referidos,,,producto,,,ARS,2.100.000,,,2.100.000,4,sí,22/04/2026,3.600.000,,,,,,verde
FB-014,Nicolás Sosa,Paula Giménez,nicolas.sosa@ejemplo.com,,4,09/09/2026,activo,Diseño de interiores,,,,,,Dejá de vender por referidos,LinkedIn,,servicio,,1,ARS,900.000,4.500.000,,,,no,,,,,sí,Onboarding de Nicolás Sosa. Vende diseño de interiores y quiere ordenar su venta.,,verde
FB-015,Gabriela Ledesma,Mariana Rossi,gabriela.ledesma@ejemplo.com,,6,05/03/2026,finalizado,Arquitectura,,,,,,,,,servicio,15,3,ARS,,7.800.000,,,0,,,3.600.000,contado,6,,,,verde
FB-016,Matías Ibáñez,Paula Giménez,matias.ibanez@ejemplo.com,,4,02/09/2026,activo,Nutrición,,,,,,Dejá de vender por referidos,LinkedIn,,producto,11,,ARS,1.600.000,4.800.000,,1.600.000,3,,,2.400.000,cuotas,4,,,,verde
FB-017,Verónica Ibáñez,Paula Giménez,veronica.ibanez@ejemplo.com,+54 9 11 4171 2445,6,23/03/2026,activo,Marketing,,,,,,,,,infoproducto,,,ARS,2.100.000,10.500.000,,2.100.000,,sí,,3.600.000,contado,6,,Onboarding de Verónica Ibáñez. Vende nutrición y quiere ordenar su venta.,Viene de una consultora anterior.,azul
FB-018,Carla Ibáñez,Paula Giménez,carla.ibanez@ejemplo.com,,4,21/06/2026,baja,Estética,,,,,,Dejá de vender por referidos,,,infoproducto,,,ARS,1.400.000,2.800.000,2.800.000,,,,21/06/2026,2.400.000,cuotas,4,sí,Onboarding de Carla Ibáñez. Vende nutrición y quiere ordenar su venta.,,azul
FB-019,Patricia Aguirre,Mariana Rossi,patricia.aguirre@ejemplo.com,+54 9 11 5426 4483,4,19/07/2026,pausado,Fotografía,,,,,,,Instagram,,servicio,8,6,ARS,400.000,2.400.000,,400.000,,no,,2.400.000,cuotas,,,,,verde
FB-020,Nicolás Márquez,Julieta Ponce,nicolas.marquez@ejemplo.com,+54 9 11 4008 1708,6,12/03/2026,activo,Indumentaria,,,,,,,,,,,,ARS,,8.400.000,4.200.000,,,,,3.600.000,cuotas,,,,,verde
FB-021,Gustavo Suárez,Camila Duarte,gustavo.suarez@ejemplo.com,+54 9 11 4915 9047,6,08/07/2026,activo,Fotografía,,,,,,Dejá de vender por referidos,Instagram,,infoproducto,10,,ARS,600.000,,600.000,600.000,0,,,3.600.000,contado,,,,Viene de una consultora anterior.,azul
FB-022,Rodrigo Sosa,Julieta Ponce,,,4,27/07/2026,activo,Contabilidad,,,,,,,Instagram,,,,,ARS,2.900.000,,,,,sí,27/07/2026,,,4,sí,,,verde
FB-023,Lorena Sosa,Mariana Rossi,lorena.sosa@ejemplo.com,,6,10/07/2026,pausado,Diseño de interiores,,,,,,Dejá de vender por referidos,LinkedIn,,servicio,,8,ARS,1.400.000,,2.800.000,,,sí,,,cuotas,6,,,,ninguno
FB-024,Gustavo Ramírez,Valentina Ruiz,gustavo.ramirez@ejemplo.com,,6,30/07/2026,activo,Contabilidad,Servicio profesional a medida,Dueños de negocios chicos que ya facturan,No tiene un proceso de venta que se repita,Programa de 8 semanas con seguimiento,Duplicar las conversaciones en 60 días,Dejá de vender por referidos,WhatsApp,"Acompaña la ejecución, no sólo la estrategia",servicio,,,ARS,2.000.000,,,,2,no,30/07/2026,,contado,,,,,azul
FB-025,Cecilia Bravo,Camila Duarte,,+54 9 11 5220 2885,4,28/03/2026,activo,Software a medida,,,,,,Dejá de vender por referidos,Referidos,,,5,5,ARS,,5.400.000,1.800.000,900.000,1,,,2.400.000,contado,,,,,verde
FB-026,Gustavo Cabrera,Paula Giménez,gustavo.cabrera@ejemplo.com,,6,19/08/2026,activo,Arquitectura,Servicio profesional a medida,Dueños de negocios chicos que ya facturan,No tiene un proceso de venta que se repita,Programa de 8 semanas con seguimiento,Duplicar las conversaciones en 60 días,,Instagram,"Acompaña la ejecución, no sólo la estrategia",infoproducto,5,6,ARS,2.100.000,,2.100.000,2.100.000,0,no,19/08/2026,3.600.000,contado,,sí,,Viene de una consultora anterior.,azul
FB-027,Norma Gómez,Mariana Rossi,norma.gomez@ejemplo.com,+54 9 11 6301 9924,4,08/04/2026,activo,Marketing,,,,,,,,,,10,,ARS,,,,3.000.000,,,,,cuotas,4,,Onboarding de Norma Gómez. Vende arquitectura y quiere ordenar su venta.,,ninguno
FB-028,Nicolás Aguirre,Camila Duarte,nicolas.aguirre@ejemplo.com,,4,22/05/2026,activo,Indumentaria,,,,,,Dejá de vender por referidos,,,producto,1,,ARS,1.200.000,,1.200.000,,0,no,,,contado,4,,Onboarding de Nicolás Aguirre. Vende nutrición y quiere ordenar su venta.,Viene de una consultora anterior.,ninguno
FB-029,Gabriela Sosa,Sofía Álvarez,gabriela.sosa@ejemplo.com,+54 9 11 4256 6976,4,31/05/2026,baja,Software a medida,Servicio profesional a medida,Dueños de negocios chicos que ya facturan,No tiene un proceso de venta que se repita,Programa de 8 semanas con seguimiento,Duplicar las conversaciones en 60 días,Dejá de vender por referidos,Instagram,"Acompaña la ejecución, no sólo la estrategia",infoproducto,5,3,ARS,,,,1.700.000,,,31/05/2026,2.400.000,cuotas,4,,,,ninguno
FB-030,Cecilia Molina,Sofía Álvarez,cecilia.molina@ejemplo.com,,6,04/04/2026,activo,Indumentaria,,,,,,Dejá de vender por referidos,LinkedIn,,producto,,0,ARS,1.700.000,8.500.000,3.400.000,1.700.000,,sí,04/04/2026,,contado,6,,,,azul
FB-031,Matías Benítez,Camila Duarte,matias.benitez@ejemplo.com,+54 9 11 6397 3826,4,13/08/2026,activo,Coaching,,,,,,,,,servicio,5,3,ARS,900.000,,1.800.000,,3,,13/08/2026,2.400.000,contado,,sí,Onboarding de Matías Benítez. Vende fotografía y quiere ordenar su venta.,Viene de una consultora anterior.,verde
FB-032,Rodrigo Villalba,Sofía Álvarez,rodrigo.villalba@ejemplo.com,+54 9 11 4844 7416,4,22/07/2026,activo,Contabilidad,,,,,,,LinkedIn,,,12,,ARS,500.000,,,500.000,4,no,,,cuotas,,,Onboarding de Rodrigo Villalba. Vende estética y quiere ordenar su venta.,,verde
FB-033,Rodrigo Benítez,Valentina Ruiz,,+54 9 11 5413 4917,4,04/07/2026,activo,Software a medida,,,,,,Dejá de vender por referidos,,,,,6,ARS,300.000,,900.000,300.000,,no,,2.400.000,,,,,,verde
FB-034,Marta Cabrera,Camila Duarte,marta.cabrera@ejemplo.com,+54 9 11 4146 7264,6,01/06/2026,pausado,Contabilidad,,,,,,Dejá de vender por referidos,,,,8,8,ARS,,6.000.000,,,1,no,,,contado,6,,,,azul
FB-035,Fernando Aguirre,Sofía Álvarez,fernando.aguirre@ejemplo.com,+54 9 11 4549 7902,4,18/06/2026,activo,Estética,,,,,,Dejá de vender por referidos,LinkedIn,,producto,,,ARS,700.000,2.100.000,,,,no,18/06/2026,,,,,,,ninguno
FB-036,Diego Ibáñez,Camila Duarte,,+54 9 11 6247 1747,6,19/07/2026,activo,Nutrición,,,,,,,,,infoproducto,,,ARS,1.300.000,5.200.000,2.600.000,,,sí,,,contado,,sí,,,azul
FB-037,Andrea Gómez,Mariana Rossi,andrea.gomez@ejemplo.com,,6,08/04/2026,pausado,Coaching,,,,,,,,,,,,ARS,,,,,,,08/04/2026,,cuotas,,,Onboarding de Andrea Gómez. Vende diseño de interiores y quiere ordenar su venta.,,azul
FB-038,Diego Márquez,Valentina Ruiz,diego.marquez@ejemplo.com,,4,21/04/2026,activo,Fotografía,,,,,,,Referidos,,,,,ARS,,7.000.000,,,,sí,,,cuotas,4,,,Viene de una consultora anterior.,verde
FB-039,Norma Suárez,Sofía Álvarez,,,6,23/03/2026,activo,Arquitectura,,,,,,,,,,7,5,ARS,900.000,,2.700.000,,0,no,,3.600.000,,,sí,Onboarding de Norma Suárez. Vende marketing y quiere ordenar su venta.,,verde
FB-040,Carla Quiroga,Camila Duarte,carla.quiroga@ejemplo.com,+54 9 11 4847 8615,6,14/08/2026,pausado,Diseño de interiores,Servicio profesional a medida,Dueños de negocios chicos que ya facturan,No tiene un proceso de venta que se repita,Programa de 8 semanas con seguimiento,Duplicar las conversaciones en 60 días,Dejá de vender por referidos,,"Acompaña la ejecución, no sólo la estrategia",servicio,11,,ARS,3.000.000,15.000.000,,,,sí,,3.600.000,cuotas,6,,,,verde
FB-041,Silvia Sosa,Camila Duarte,silvia.sosa@ejemplo.com,,6,21/03/2026,pausado,Indumentaria,Servicio profesional a medida,Dueños de negocios chicos que ya facturan,No tiene un proceso de venta que se repita,Programa de 8 semanas con seguimiento,Duplicar las conversaciones en 60 días,,,"Acompaña la ejecución, no sólo la estrategia",producto,2,8,ARS,,8.400.000,8.400.000,,0,,,3.600.000,,,,Onboarding de Silvia Sosa. Vende indumentaria y quiere ordenar su venta.,Viene de una consultora anterior.,verde
FB-042,Verónica Pérez,Camila Duarte,,,4,28/07/2026,baja,Coaching,,,,,,,Instagram,,servicio,,7,ARS,2.800.000,5.600.000,8.400.000,,,,,2.400.000,cuotas,,,Onboarding de Verónica Pérez. Vende fotografía y quiere ordenar su venta.,Viene de una consultora anterior.,verde
FB-043,Carla Pérez,Sofía Álvarez,carla.perez@ejemplo.com,,4,23/07/2026,activo,Estética,,,,,,,,,,,2,ARS,,16.800.000,5.600.000,2.800.000,,no,,,,,sí,Onboarding de Carla Pérez. Vende coaching y quiere ordenar su venta.,,ninguno
FB-044,Gustavo Ferreyra,Valentina Ruiz,gustavo.ferreyra@ejemplo.com,+54 9 11 6729 7940,4,07/08/2026,activo,Coaching,,,,,,,,,infoproducto,,,ARS,800.000,3.200.000,,800.000,3,,07/08/2026,2.400.000,contado,4,sí,Onboarding de Gustavo Ferreyra. Vende indumentaria y quiere ordenar su venta.,,azul
FB-045,Patricia Márquez,Lucía Fernández,,+54 9 11 4833 2018,6,20/02/2026,pausado,Software a medida,,,,,,,Instagram,,servicio,3,0,ARS,600.000,1.200.000,,,1,,,3.600.000,cuotas,,sí,Onboarding de Patricia Márquez. Vende arquitectura y quiere ordenar su venta.,,azul
FB-046,Gabriela Cabrera,Valentina Ruiz,gabriela.cabrera@ejemplo.com,,4,23/07/2026,activo,Indumentaria,Servicio profesional a medida,Dueños de negocios chicos que ya facturan,No tiene un proceso de venta que se repita,Programa de 8 semanas con seguimiento,Duplicar las conversaciones en 60 días,,WhatsApp,"Acompaña la ejecución, no sólo la estrategia",servicio,13,6,ARS,2.000.000,8.000.000,4.000.000,2.000.000,2,sí,,,cuotas,4,,Onboarding de Gabriela Cabrera. Vende software a medida y quiere ordenar su venta.,,verde
FB-047,Gustavo Benítez,Paula Giménez,gustavo.benitez@ejemplo.com,+54 9 11 6838 9100,6,04/07/2026,pausado,Arquitectura,,,,,,Dejá de vender por referidos,Instagram,,infoproducto,4,,ARS,1.400.000,8.400.000,,,1,,,,cuotas,6,,Onboarding de Gustavo Benítez. Vende indumentaria y quiere ordenar su venta.,,azul
FB-048,Fernando Ibáñez,Paula Giménez,fernando.ibanez@ejemplo.com,,4,08/09/2026,activo,Indumentaria,,,,,,,,,servicio,3,7,ARS,,10.400.000,7.800.000,,2,no,08/09/2026,2.400.000,contado,,,Onboarding de Fernando Ibáñez. Vende marketing y quiere ordenar su venta.,Viene de una consultora anterior.,verde
FB-049,Hernán Molina,Lucía Fernández,hernan.molina@ejemplo.com,,4,16/07/2026,activo,Arquitectura,,,,,,Dejá de vender por referidos,Instagram,,infoproducto,13,,ARS,,,,,0,,,2.400.000,cuotas,4,,Onboarding de Hernán Molina. Vende marketing y quiere ordenar su venta.,,azul
FB-050,Gustavo Ibáñez,Mariana Rossi,gustavo.ibanez@ejemplo.com,+54 9 11 6792 4034,6,04/04/2026,activo,Coaching,,,,,,Dejá de vender por referidos,,,,,,ARS,2.400.000,,,,,,,,,,,,,ninguno
FB-051,Cecilia Aguirre,Sofía Álvarez,cecilia.aguirre@ejemplo.com,+54 9 11 5341 5476,4,04/05/2026,finalizado,Arquitectura,,,,,,,Instagram,,infoproducto,,,ARS,1.700.000,3.400.000,,1.700.000,1,sí,,2.400.000,,4,,,Viene de una consultora anterior.,ninguno
FB-052,Rodrigo Aguirre,Camila Duarte,rodrigo.aguirre@ejemplo.com,+54 9 11 5117 7245,6,09/08/2026,baja,Nutrición,,,,,,,,,infoproducto,,,ARS,1.900.000,,1.900.000,1.900.000,3,,,,,,,,,azul
FB-053,Lorena Villalba,Camila Duarte,lorena.villalba@ejemplo.com,,4,14/06/2026,baja,Nutrición,Servicio profesional a medida,Dueños de negocios chicos que ya facturan,No tiene un proceso de venta que se repita,Programa de 8 semanas con seguimiento,Duplicar las conversaciones en 60 días,,WhatsApp,"Acompaña la ejecución, no sólo la estrategia",producto,10,,ARS,,1.600.000,800.000,,0,,,,contado,4,,,Viene de una consultora anterior.,verde
FB-054,Hernán Ferreyra,Julieta Ponce,hernan.ferreyra@ejemplo.com,+54 9 11 6427 5570,6,09/08/2026,activo,Diseño de interiores,,,,,,,Instagram,,servicio,3,5,ARS,500.000,2.500.000,500.000,,,,,3.600.000,contado,,,,,ninguno
FB-055,Verónica Ledesma,Lucía Fernández,,+54 9 11 6555 4941,6,06/06/2026,pausado,Software a medida,Servicio profesional a medida,Dueños de negocios chicos que ya facturan,No tiene un proceso de venta que se repita,Programa de 8 semanas con seguimiento,Duplicar las conversaciones en 60 días,,LinkedIn,"Acompaña la ejecución, no sólo la estrategia",infoproducto,10,,ARS,900.000,1.800.000,2.700.000,,3,no,06/06/2026,,contado,6,,,,azul
FB-056,Juan Torres,Mariana Rossi,juan.torres@ejemplo.com,+54 9 11 6408 4140,6,15/07/2026,activo,Diseño de interiores,,,,,,Dejá de vender por referidos,,,servicio,,4,ARS,900.000,,,,4,,,,,6,,Onboarding de Juan Torres. Vende marketing y quiere ordenar su venta.,,verde
FB-057,Cecilia Torres,Paula Giménez,cecilia.torres@ejemplo.com,+54 9 11 6191 5360,4,23/06/2026,activo,Contabilidad,,,,,,,Instagram,,producto,4,,ARS,,,800.000,,,,,2.400.000,contado,4,,,,azul
FB-058,Lorena Pérez,Mariana Rossi,lorena.perez@ejemplo.com,,6,08/08/2026,activo,Indumentaria,,,,,,,LinkedIn,,producto,,,ARS,300.000,600.000,900.000,300.000,,,08/08/2026,3.600.000,contado,,,Onboarding de Lorena Pérez. Vende contabilidad y quiere ordenar su venta.,,ninguno
FB-059,Rodrigo Gómez,Sofía Álvarez,rodrigo.gomez@ejemplo.com,,4,30/04/2026,activo,Arquitectura,,,,,,Dejá de vender por referidos,,,,,2,ARS,800.000,,,,4,sí,30/04/2026,2.400.000,cuotas,,,,,ninguno
FB-060,Nicolás Benítez,Paula Giménez,nicolas.benitez@ejemplo.com,,6,20/04/2026,activo,Marketing,,,,,,,WhatsApp,,servicio,11,,ARS,1.400.000,4.200.000,2.800.000,,2,,20/04/2026,,cuotas,6,,,,ninguno
FB-061,Marta Ojeda,Camila Duarte,marta.ojeda@ejemplo.com,,6,28/03/2026,baja,Marketing,,,,,,,,,,2,,ARS,2.700.000,,5.400.000,2.700.000,,sí,,3.600.000,,6,,,,ninguno
FB-062,Matías Ramírez,Camila Duarte,matias.ramirez@ejemplo.com,+54 9 11 4454 9505,4,19/03/2026,activo,Contabilidad,,,,,,Dejá de vender por referidos,,,producto,6,,ARS,2.400.000,,2.400.000,2.400.000,,,,,contado,,,Onboarding de Matías Ramírez. Vende arquitectura y quiere ordenar su venta.,,verde
FB-063,Carla Ledesma,Lucía Fernández,carla.ledesma@ejemplo.com,,4,07/06/2026,activo,Contabilidad,Servicio profesional a medida,Dueños de negocios chicos que ya facturan,No tiene un proceso de venta que se repita,Programa de 8 semanas con seguimiento,Duplicar las conversaciones en 60 días,,WhatsApp,"Acompaña la ejecución, no sólo la estrategia",producto,7,,ARS,1.900.000,11.400.000,,,1,,07/06/2026,2.400.000,cuotas,4,,,Viene de una consultora anterior.,azul
FB-064,Cecilia Quiroga,Valentina Ruiz,cecilia.quiroga@ejemplo.com,+54 9 11 4552 8062,4,13/06/2026,pausado,Fotografía,,,,,,Dejá de vender por referidos,WhatsApp,,servicio,1,1,ARS,1.400.000,7.000.000,2.800.000,,,sí,13/06/2026,,,4,sí,,,verde
FB-065,Pablo Bravo,Camila Duarte,pablo.bravo@ejemplo.com,+54 9 11 5771 8739,4,05/03/2026,pausado,Arquitectura,Servicio profesional a medida,Dueños de negocios chicos que ya facturan,No tiene un proceso de venta que se repita,Programa de 8 semanas con seguimiento,Duplicar las conversaciones en 60 días,Dejá de vender por referidos,,"Acompaña la ejecución, no sólo la estrategia",infoproducto,,,ARS,,8.400.000,6.300.000,,,sí,,,contado,,,Onboarding de Pablo Bravo. Vende diseño de interiores y quiere ordenar su venta.,,azul
FB-066,Pablo Ojeda,Mariana Rossi,pablo.ojeda@ejemplo.com,+54 9 11 6456 3538,4,20/08/2026,activo,Marketing,Servicio profesional a medida,Dueños de negocios chicos que ya facturan,No tiene un proceso de venta que se repita,Programa de 8 semanas con seguimiento,Duplicar las conversaciones en 60 días,,Referidos,"Acompaña la ejecución, no sólo la estrategia",servicio,5,,ARS,1.600.000,4.800.000,,,3,no,20/08/2026,2.400.000,contado,4,,,,ninguno
FB-067,Ramiro Ojeda,Julieta Ponce,ramiro.ojeda@ejemplo.com,+54 9 11 6202 7093,4,04/07/2026,finalizado,Nutrición,Servicio profesional a medida,Dueños de negocios chicos que ya facturan,No tiene un proceso de venta que se repita,Programa de 8 semanas con seguimiento,Duplicar las conversaciones en 60 días,,,"Acompaña la ejecución, no sólo la estrategia",,7,,ARS,1.000.000,,,1.000.000,0,no,,,cuotas,4,sí,,,verde
FB-068,Matías Torres,Valentina Ruiz,matias.torres@ejemplo.com,,6,12/07/2026,baja,Diseño de interiores,,,,,,,LinkedIn,,infoproducto,,,ARS,2.000.000,,2.000.000,,2,sí,12/07/2026,3.600.000,contado,6,,,Viene de una consultora anterior.,ninguno
FB-069,Juan Bravo,Julieta Ponce,juan.bravo@ejemplo.com,,6,24/03/2026,pausado,Diseño de interiores,,,,,,,,,infoproducto,,8,ARS,1.600.000,,1.600.000,,,,24/03/2026,,contado,6,,Onboarding de Juan Bravo. Vende indumentaria y quiere ordenar su venta.,Viene de una consultora anterior.,azul
FB-070,Hernán Ibáñez,Mariana Rossi,hernan.ibanez@ejemplo.com,,4,12/04/2026,finalizado,Arquitectura,,,,,,,,,,,,ARS,,,8.400.000,,,no,12/04/2026,2.400.000,contado,,sí,Onboarding de Hernán Ibáñez. Vende fotografía y quiere ordenar su venta.,,ninguno
FB-071,Verónica Ferreyra,Julieta Ponce,veronica.ferreyra@ejemplo.com,+54 9 11 4237 8464,6,26/03/2026,activo,Diseño de interiores,Servicio profesional a medida,Dueños de negocios chicos que ya facturan,No tiene un proceso de venta que se repita,Programa de 8 semanas con seguimiento,Duplicar las conversaciones en 60 días,,,"Acompaña la ejecución, no sólo la estrategia",infoproducto,3,3,ARS,1.400.000,8.400.000,,1.400.000,2,sí,,3.600.000,,6,,Onboarding de Verónica Ferreyra. Vende fotografía y quiere ordenar su venta.,,azul
FB-072,Ramiro Ledesma,Paula Giménez,,+54 9 11 4064 8804,4,25/04/2026,activo,Diseño de interiores,Servicio profesional a medida,Dueños de negocios chicos que ya facturan,No tiene un proceso de venta que se repita,Programa de 8 semanas con seguimiento,Duplicar las conversaciones en 60 días,Dejá de vender por referidos,,"Acompaña la ejecución, no sólo la estrategia",infoproducto,,3,ARS,,17.400.000,,,,,25/04/2026,,,,,,,verde
FB-073,Diego Sosa,Camila Duarte,,,4,19/06/2026,pausado,Arquitectura,,,,,,Dejá de vender por referidos,WhatsApp,,producto,1,,ARS,1.000.000,2.000.000,,,1,no,,,contado,,,Onboarding de Diego Sosa. Vende nutrición y quiere ordenar su venta.,,ninguno
FB-074,Ramiro Bravo,Camila Duarte,ramiro.bravo@ejemplo.com,,4,16/07/2026,finalizado,Contabilidad,,,,,,,,,,,,ARS,2.900.000,11.600.000,,,0,sí,,,contado,,,,,azul
FB-075,Rodrigo Molina,Julieta Ponce,,+54 9 11 6576 9260,4,25/03/2026,activo,Indumentaria,,,,,,,,,producto,6,,ARS,2.500.000,12.500.000,7.500.000,,3,sí,,2.400.000,cuotas,4,,Onboarding de Rodrigo Molina. Vende coaching y quiere ordenar su venta.,,verde
FB-076,Verónica Sosa,Julieta Ponce,veronica.sosa@ejemplo.com,+54 9 11 4947 4601,6,12/03/2026,activo,Diseño de interiores,,,,,,,,,,11,1,ARS,1.800.000,,,1.800.000,,no,,3.600.000,cuotas,,,,,verde
FB-077,Gabriela Gómez,Paula Giménez,gabriela.gomez@ejemplo.com,+54 9 11 5738 3667,6,29/06/2026,activo,Coaching,,,,,,,Instagram,,,4,7,ARS,700.000,,700.000,,1,,,,cuotas,6,,Onboarding de Gabriela Gómez. Vende software a medida y quiere ordenar su venta.,Viene de una consultora anterior.,verde
FB-078,Cecilia Ferreyra,Camila Duarte,cecilia.ferreyra@ejemplo.com,+54 9 11 5596 9670,4,21/04/2026,activo,Coaching,Servicio profesional a medida,Dueños de negocios chicos que ya facturan,No tiene un proceso de venta que se repita,Programa de 8 semanas con seguimiento,Duplicar las conversaciones en 60 días,Dejá de vender por referidos,Referidos,"Acompaña la ejecución, no sólo la estrategia",producto,15,8,ARS,300.000,900.000,,300.000,,,,2.400.000,cuotas,4,sí,Onboarding de Cecilia Ferreyra. Vende diseño de interiores y quiere ordenar su venta.,,verde
FB-079,Norma Quiroga,Sofía Álvarez,norma.quiroga@ejemplo.com,+54 9 11 4407 4102,4,14/04/2026,activo,Indumentaria,Servicio profesional a medida,Dueños de negocios chicos que ya facturan,No tiene un proceso de venta que se repita,Programa de 8 semanas con seguimiento,Duplicar las conversaciones en 60 días,,LinkedIn,"Acompaña la ejecución, no sólo la estrategia",servicio,,6,ARS,900.000,,,900.000,2,,,,,,sí,,,ninguno
FB-080,Lorena Márquez,Lucía Fernández,,+54 9 11 4088 6398,6,24/05/2026,baja,Nutrición,,,,,,Dejá de vender por referidos,Instagram,,infoproducto,5,7,ARS,2.200.000,,4.400.000,,,,,3.600.000,,,,Onboarding de Lorena Márquez. Vende diseño de interiores y quiere ordenar su venta.,,azul
FB-081,Rodrigo Márquez,Sofía Álvarez,,+54 9 11 4981 9210,6,25/03/2026,finalizado,Software a medida,,,,,,,WhatsApp,,,,,ARS,,4.500.000,,1.500.000,,,25/03/2026,3.600.000,cuotas,6,,,,azul
FB-082,Marta Bravo,Lucía Fernández,,,4,04/07/2026,activo,Indumentaria,Servicio profesional a medida,Dueños de negocios chicos que ya facturan,No tiene un proceso de venta que se repita,Programa de 8 semanas con seguimiento,Duplicar las conversaciones en 60 días,,,"Acompaña la ejecución, no sólo la estrategia",servicio,14,,ARS,1.800.000,,,1.800.000,4,sí,04/07/2026,,,,,Onboarding de Marta Bravo. Vende coaching y quiere ordenar su venta.,,verde
FB-083,Cecilia Pérez,Lucía Fernández,cecilia.perez@ejemplo.com,,6,07/07/2026,activo,Coaching,,,,,,Dejá de vender por referidos,WhatsApp,,infoproducto,8,,ARS,1.100.000,5.500.000,,1.100.000,,sí,07/07/2026,,,,,,,verde
FB-084,Juan Suárez,Mariana Rossi,,+54 9 11 4368 3131,6,26/06/2026,activo,Arquitectura,,,,,,,,,infoproducto,4,,ARS,900.000,5.400.000,,900.000,,,26/06/2026,3.600.000,,,,Onboarding de Juan Suárez. Vende arquitectura y quiere ordenar su venta.,,azul
FB-085,Gabriela Pérez,Sofía Álvarez,gabriela.perez@ejemplo.com,+54 9 11 5749 1136,4,15/02/2026,finalizado,Coaching,,,,,,,,,infoproducto,8,,ARS,2.100.000,4.200.000,,,4,no,15/02/2026,2.400.000,cuotas,4,,Onboarding de Gabriela Pérez. Vende marketing y quiere ordenar su venta.,,verde
FB-086,Nicolás Molina,Julieta Ponce,nicolas.molina@ejemplo.com,+54 9 11 5097 5479,6,22/03/2026,activo,Estética,Servicio profesional a medida,Dueños de negocios chicos que ya facturan,No tiene un proceso de venta que se repita,Programa de 8 semanas con seguimiento,Duplicar las conversaciones en 60 días,Dejá de vender por referidos,LinkedIn,"Acompaña la ejecución, no sólo la estrategia",,14,,ARS,2.800.000,11.200.000,5.600.000,2.800.000,0,no,,,cuotas,,,Onboarding de Nicolás Molina. Vende software a medida y quiere ordenar su venta.,,verde
FB-087,Marta Ferreyra,Lucía Fernández,marta.ferreyra@ejemplo.com,,4,31/05/2026,activo,Diseño de interiores,,,,,,,Instagram,,producto,,,ARS,1.800.000,,1.800.000,1.800.000,1,,31/05/2026,,contado,,,Onboarding de Marta Ferreyra. Vende arquitectura y quiere ordenar su venta.,,verde
FB-088,Norma Aguirre,Lucía Fernández,norma.aguirre@ejemplo.com,,6,21/04/2026,activo,Fotografía,,,,,,Dejá de vender por referidos,WhatsApp,,servicio,3,,ARS,2.300.000,6.900.000,4.600.000,,4,,,3.600.000,contado,,,,,verde
FB-089,Silvia Márquez,Mariana Rossi,silvia.marquez@ejemplo.com,,4,17/06/2026,baja,Contabilidad,Servicio profesional a medida,Dueños de negocios chicos que ya facturan,No tiene un proceso de venta que se repita,Programa de 8 semanas con seguimiento,Duplicar las conversaciones en 60 días,Dejá de vender por referidos,,"Acompaña la ejecución, no sólo la estrategia",infoproducto,,,ARS,2.900.000,14.500.000,8.700.000,2.900.000,,no,,2.400.000,contado,4,,Onboarding de Silvia Márquez. Vende contabilidad y quiere ordenar su venta.,Viene de una consultora anterior.,azul
FB-090,Ramiro Molina,Paula Giménez,ramiro.molina@ejemplo.com,+54 9 11 4325 8233,4,27/04/2026,finalizado,Contabilidad,,,,,,Dejá de vender por referidos,WhatsApp,,infoproducto,,,ARS,2.500.000,,2.500.000,2.500.000,,sí,27/04/2026,,cuotas,,,,Viene de una consultora anterior.,azul
FB-091,Andrea Escobar,Camila Duarte,,+54 9 11 5540 4129,6,06/09/2026,activo,Software a medida,,,,,,Dejá de vender por referidos,,,producto,,1,ARS,700.000,3.500.000,2.100.000,,2,sí,06/09/2026,,,6,,,,verde
FB-092,Lorena Ledesma,Lucía Fernández,lorena.ledesma@ejemplo.com,,4,10/06/2026,baja,Contabilidad,,,,,,Dejá de vender por referidos,,,,3,,ARS,,,5.200.000,,0,,,2.400.000,,4,,,,verde
FB-093,Rodrigo Cabrera,Lucía Fernández,rodrigo.cabrera@ejemplo.com,+54 9 11 6100 8474,4,07/03/2026,activo,Diseño de interiores,Servicio profesional a medida,Dueños de negocios chicos que ya facturan,No tiene un proceso de venta que se repita,Programa de 8 semanas con seguimiento,Duplicar las conversaciones en 60 días,,,"Acompaña la ejecución, no sólo la estrategia",servicio,6,6,ARS,,2.800.000,2.100.000,,,,,2.400.000,cuotas,4,,Onboarding de Rodrigo Cabrera. Vende arquitectura y quiere ordenar su venta.,Viene de una consultora anterior.,verde
FB-094,Gustavo Núñez,Camila Duarte,gustavo.nunez@ejemplo.com,,4,17/03/2026,pausado,Arquitectura,,,,,,Dejá de vender por referidos,Instagram,,,4,,ARS,1.700.000,10.200.000,3.400.000,1.700.000,3,,17/03/2026,,cuotas,,,Onboarding de Gustavo Núñez. Vende nutrición y quiere ordenar su venta.,,ninguno
FB-095,Gustavo Ledesma,Mariana Rossi,gustavo.ledesma@ejemplo.com,,4,04/04/2026,baja,Fotografía,Servicio profesional a medida,Dueños de negocios chicos que ya facturan,No tiene un proceso de venta que se repita,Programa de 8 semanas con seguimiento,Duplicar las conversaciones en 60 días,,Instagram,"Acompaña la ejecución, no sólo la estrategia",,,,ARS,1.400.000,,1.400.000,,,no,,2.400.000,,,,Onboarding de Gustavo Ledesma. Vende diseño de interiores y quiere ordenar su venta.,,verde
FB-096,Patricia Ledesma,Mariana Rossi,patricia.ledesma@ejemplo.com,+54 9 11 4284 1240,6,25/08/2026,baja,Software a medida,Servicio profesional a medida,Dueños de negocios chicos que ya facturan,No tiene un proceso de venta que se repita,Programa de 8 semanas con seguimiento,Duplicar las conversaciones en 60 días,Dejá de vender por referidos,Referidos,"Acompaña la ejecución, no sólo la estrategia",infoproducto,9,2,ARS,1.900.000,5.700.000,3.800.000,1.900.000,1,sí,,,contado,6,,,Viene de una consultora anterior.,verde
FB-097,Gustavo Villalba,Julieta Ponce,gustavo.villalba@ejemplo.com,+54 9 11 4573 1244,4,27/02/2026,activo,Software a medida,,,,,,Dejá de vender por referidos,WhatsApp,,infoproducto,14,1,ARS,2.800.000,5.600.000,8.400.000,2.800.000,0,no,27/02/2026,2.400.000,contado,,sí,,,verde
FB-098,Gabriela Ibáñez,Mariana Rossi,,+54 9 11 5960 1688,4,14/07/2026,activo,Software a medida,,,,,,,,,producto,4,3,ARS,1.600.000,,1.600.000,,,,,2.400.000,,4,,,,azul
FB-099,Juan Márquez,Valentina Ruiz,,,4,24/07/2026,activo,Nutrición,Servicio profesional a medida,Dueños de negocios chicos que ya facturan,No tiene un proceso de venta que se repita,Programa de 8 semanas con seguimiento,Duplicar las conversaciones en 60 días,Dejá de vender por referidos,Referidos,"Acompaña la ejecución, no sólo la estrategia",producto,9,6,ARS,2.800.000,,,,,no,,,cuotas,,sí,Onboarding de Juan Márquez. Vende contabilidad y quiere ordenar su venta.,,ninguno
FB-100,Andrea Sosa,Camila Duarte,andrea.sosa@ejemplo.com,,6,26/08/2026,activo,Nutrición,,,,,,,Referidos,,producto,,3,ARS,1.200.000,6.000.000,1.200.000,1.200.000,4,no,,,,,,Onboarding de Andrea Sosa. Vende estética y quiere ordenar su venta.,,ninguno
FB-101,Ramiro Suárez,Lucía Fernández,ramiro.suarez@ejemplo.com,+54 9 11 6757 7842,4,28/08/2026,finalizado,Fotografía,,,,,,,,,infoproducto,10,,ARS,1.300.000,5.200.000,,1.300.000,,sí,,,contado,,,Onboarding de Ramiro Suárez. Vende diseño de interiores y quiere ordenar su venta.,,ninguno
FB-102,Gabriela Ferreyra,Camila Duarte,,+54 9 11 4915 7731,4,07/07/2026,activo,Estética,,,,,,Dejá de vender por referidos,LinkedIn,,,2,,ARS,1.900.000,3.800.000,,,4,sí,,,contado,4,,,,verde
FB-103,Ramiro Torres,Valentina Ruiz,ramiro.torres@ejemplo.com,+54 9 11 5505 8996,4,19/05/2026,baja,Coaching,,,,,,,Instagram,,infoproducto,14,8,ARS,1.800.000,,,,3,,,2.400.000,,4,,Onboarding de Ramiro Torres. Vende coaching y quiere ordenar su venta.,,azul
FB-104,Carla Sosa,Lucía Fernández,,,4,23/02/2026,activo,Diseño de interiores,,,,,,,,,,5,0,ARS,2.600.000,,,2.600.000,,,23/02/2026,,cuotas,4,,,,ninguno
FB-105,Ramiro Escobar,Sofía Álvarez,ramiro.escobar@ejemplo.com,+54 9 11 4770 4146,4,17/07/2026,pausado,Nutrición,,,,,,,WhatsApp,,producto,8,,ARS,1.700.000,5.100.000,1.700.000,,4,,,2.400.000,cuotas,4,,,Viene de una consultora anterior.,ninguno
FB-106,Verónica Ojeda,Julieta Ponce,,,6,06/04/2026,baja,Nutrición,,,,,,Dejá de vender por referidos,Instagram,,,11,,ARS,2.800.000,11.200.000,8.400.000,,,,06/04/2026,,,6,,Onboarding de Verónica Ojeda. Vende coaching y quiere ordenar su venta.,Viene de una consultora anterior.,ninguno
FB-107,Verónica Villalba,Paula Giménez,veronica.villalba@ejemplo.com,,6,02/09/2026,activo,Estética,,,,,,,LinkedIn,,servicio,,,ARS,500.000,,500.000,,0,sí,,3.600.000,cuotas,,,,,ninguno
FB-108,Norma Ramírez,Paula Giménez,norma.ramirez@ejemplo.com,+54 9 11 5121 8851,6,11/07/2026,activo,Diseño de interiores,,,,,,Dejá de vender por referidos,,,infoproducto,7,,ARS,2.400.000,7.200.000,,2.400.000,1,,11/07/2026,,,,,Onboarding de Norma Ramírez. Vende nutrición y quiere ordenar su venta.,,azul
FB-109,Hernán Aguirre,Camila Duarte,hernan.aguirre@ejemplo.com,+54 9 11 4923 1009,4,18/07/2026,activo,Marketing,Servicio profesional a medida,Dueños de negocios chicos que ya facturan,No tiene un proceso de venta que se repita,Programa de 8 semanas con seguimiento,Duplicar las conversaciones en 60 días,Dejá de vender por referidos,,"Acompaña la ejecución, no sólo la estrategia",servicio,,,ARS,2.600.000,,5.200.000,,4,,,,cuotas,4,sí,,,verde
FB-110,Matías Aguirre,Lucía Fernández,matias.aguirre@ejemplo.com,+54 9 11 5224 6184,4,19/02/2026,activo,Estética,,,,,,,Instagram,,producto,,3,ARS,700.000,,,700.000,3,no,,2.400.000,contado,4,,,Viene de una consultora anterior.,verde
FB-111,Lorena Aguirre,Paula Giménez,,+54 9 11 4443 9848,4,21/04/2026,activo,Diseño de interiores,Servicio profesional a medida,Dueños de negocios chicos que ya facturan,No tiene un proceso de venta que se repita,Programa de 8 semanas con seguimiento,Duplicar las conversaciones en 60 días,,WhatsApp,"Acompaña la ejecución, no sólo la estrategia",infoproducto,12,,ARS,800.000,4.800.000,,,0,sí,21/04/2026,,,4,,,,ninguno
FB-112,Matías Márquez,Sofía Álvarez,matias.marquez@ejemplo.com,,6,14/03/2026,activo,Contabilidad,Servicio profesional a medida,Dueños de negocios chicos que ya facturan,No tiene un proceso de venta que se repita,Programa de 8 semanas con seguimiento,Duplicar las conversaciones en 60 días,Dejá de vender por referidos,WhatsApp,"Acompaña la ejecución, no sólo la estrategia",servicio,,,ARS,2.500.000,,7.500.000,,,,,,contado,6,,,,ninguno
FB-113,Fernando Villalba,Camila Duarte,,+54 9 11 5156 5345,4,12/02/2026,baja,Diseño de interiores,Servicio profesional a medida,Dueños de negocios chicos que ya facturan,No tiene un proceso de venta que se repita,Programa de 8 semanas con seguimiento,Duplicar las conversaciones en 60 días,Dejá de vender por referidos,,"Acompaña la ejecución, no sólo la estrategia",infoproducto,3,,ARS,2.200.000,11.000.000,,2.200.000,,,,2.400.000,,,sí,Onboarding de Fernando Villalba. Vende estética y quiere ordenar su venta.,,verde
FB-114,Ramiro Gómez,Camila Duarte,ramiro.gomez@ejemplo.com,+54 9 11 4561 9119,4,22/03/2026,pausado,Software a medida,,,,,,Dejá de vender por referidos,WhatsApp,,infoproducto,,,ARS,1.300.000,3.900.000,2.600.000,1.300.000,,no,22/03/2026,2.400.000,,,,Onboarding de Ramiro Gómez. Vende fotografía y quiere ordenar su venta.,,verde
FB-115,Diego Ramírez,Camila Duarte,diego.ramirez@ejemplo.com,+54 9 11 5912 8531,6,28/04/2026,activo,Fotografía,Servicio profesional a medida,Dueños de negocios chicos que ya facturan,No tiene un proceso de venta que se repita,Programa de 8 semanas con seguimiento,Duplicar las conversaciones en 60 días,,LinkedIn,"Acompaña la ejecución, no sólo la estrategia",servicio,,0,ARS,,,,2.300.000,4,no,,,contado,6,,Onboarding de Diego Ramírez. Vende estética y quiere ordenar su venta.,Viene de una consultora anterior.,ninguno
FB-116,Patricia Villalba,Julieta Ponce,patricia.villalba@ejemplo.com,,6,05/05/2026,finalizado,Diseño de interiores,,,,,,Dejá de vender por referidos,,,producto,,5,ARS,1.300.000,,1.300.000,1.300.000,2,,,,,,,,Viene de una consultora anterior.,ninguno
FB-117,Patricia Sosa,Julieta Ponce,patricia.sosa@ejemplo.com,+54 9 11 6380 9927,4,24/07/2026,activo,Software a medida,Servicio profesional a medida,Dueños de negocios chicos que ya facturan,No tiene un proceso de venta que se repita,Programa de 8 semanas con seguimiento,Duplicar las conversaciones en 60 días,,,"Acompaña la ejecución, no sólo la estrategia",infoproducto,4,7,ARS,1.600.000,6.400.000,1.600.000,,2,no,,2.400.000,,,sí,,,ninguno
FB-118,Marta Suárez,Julieta Ponce,marta.suarez@ejemplo.com,,4,06/09/2026,activo,Nutrición,Servicio profesional a medida,Dueños de negocios chicos que ya facturan,No tiene un proceso de venta que se repita,Programa de 8 semanas con seguimiento,Duplicar las conversaciones en 60 días,Dejá de vender por referidos,,"Acompaña la ejecución, no sólo la estrategia",producto,5,5,ARS,600.000,2.400.000,,,,no,,2.400.000,cuotas,,,,,ninguno
FB-119,Nicolás Ibáñez,Camila Duarte,,+54 9 11 6706 7570,4,30/06/2026,activo,Diseño de interiores,,,,,,Dejá de vender por referidos,Instagram,,infoproducto,5,7,ARS,,,,1.100.000,,,,2.400.000,cuotas,4,sí,,Viene de una consultora anterior.,azul
FB-120,Carla Aguirre,Mariana Rossi,carla.aguirre@ejemplo.com,+54 9 11 6086 3343,6,19/07/2026,activo,Diseño de interiores,,,,,,,Instagram,,,4,,ARS,1.800.000,10.800.000,1.800.000,1.800.000,,sí,,3.600.000,,6,,Onboarding de Carla Aguirre. Vende fotografía y quiere ordenar su venta.,Viene de una consultora anterior.,verde
FB-121,Fernando Ledesma,Camila Duarte,,+54 9 11 5951 1534,4,15/02/2026,pausado,Coaching,Servicio profesional a medida,Dueños de negocios chicos que ya facturan,No tiene un proceso de venta que se repita,Programa de 8 semanas con seguimiento,Duplicar las conversaciones en 60 días,,,"Acompaña la ejecución, no sólo la estrategia",servicio,3,4,ARS,,2.000.000,,,,sí,,,,4,,,,ninguno
FB-122,Marta Ramírez,Paula Giménez,marta.ramirez@ejemplo.com,,6,11/06/2026,activo,Estética,Servicio profesional a medida,Dueños de negocios chicos que ya facturan,No tiene un proceso de venta que se repita,Programa de 8 semanas con seguimiento,Duplicar las conversaciones en 60 días,,,"Acompaña la ejecución, no sólo la estrategia",producto,1,,ARS,1.900.000,3.800.000,3.800.000,1.900.000,4,sí,,3.600.000,,6,,Onboarding de Marta Ramírez. Vende indumentaria y quiere ordenar su venta.,,ninguno
FB-123,Andrea Núñez,Camila Duarte,andrea.nunez@ejemplo.com,+54 9 11 6689 6484,6,26/08/2026,pausado,Nutrición,,,,,,Dejá de vender por referidos,LinkedIn,,,13,2,ARS,,8.000.000,,2.000.000,,no,,,cuotas,,,Onboarding de Andrea Núñez. Vende marketing y quiere ordenar su venta.,,ninguno
FB-124,Pablo Cabrera,Paula Giménez,pablo.cabrera@ejemplo.com,,4,17/06/2026,activo,Fotografía,Servicio profesional a medida,Dueños de negocios chicos que ya facturan,No tiene un proceso de venta que se repita,Programa de 8 semanas con seguimiento,Duplicar las conversaciones en 60 días,Dejá de vender por referidos,LinkedIn,"Acompaña la ejecución, no sólo la estrategia",producto,6,,ARS,2.400.000,14.400.000,2.400.000,,2,no,17/06/2026,2.400.000,,,,Onboarding de Pablo Cabrera. Vende coaching y quiere ordenar su venta.,Viene de una consultora anterior.,azul
FB-125,Silvia Quiroga,Sofía Álvarez,silvia.quiroga@ejemplo.com,,6,27/03/2026,activo,Coaching,,,,,,,,,producto,10,5,ARS,2.800.000,,,2.800.000,4,no,27/03/2026,3.600.000,contado,,,Onboarding de Silvia Quiroga. Vende arquitectura y quiere ordenar su venta.,,verde
FB-126,Fernando Benítez,Sofía Álvarez,fernando.benitez@ejemplo.com,+54 9 11 4669 1501,6,29/07/2026,activo,Estética,Servicio profesional a medida,Dueños de negocios chicos que ya facturan,No tiene un proceso de venta que se repita,Programa de 8 semanas con seguimiento,Duplicar las conversaciones en 60 días,Dejá de vender por referidos,WhatsApp,"Acompaña la ejecución, no sólo la estrategia",infoproducto,9,3,ARS,400.000,1.200.000,,,,,29/07/2026,3.600.000,,,,,,ninguno
FB-127,Patricia Quiroga,Paula Giménez,patricia.quiroga@ejemplo.com,,4,01/09/2026,activo,Nutrición,Servicio profesional a medida,Dueños de negocios chicos que ya facturan,No tiene un proceso de venta que se repita,Programa de 8 semanas con seguimiento,Duplicar las conversaciones en 60 días,Dejá de vender por referidos,WhatsApp,"Acompaña la ejecución, no sólo la estrategia",servicio,,,ARS,1.500.000,6.000.000,,1.500.000,,no,,2.400.000,contado,,,,,verde
FB-128,Juan Pérez,Valentina Ruiz,,+54 9 11 4484 1028,6,10/05/2026,pausado,Contabilidad,Servicio profesional a medida,Dueños de negocios chicos que ya facturan,No tiene un proceso de venta que se repita,Programa de 8 semanas con seguimiento,Duplicar las conversaciones en 60 días,,Referidos,"Acompaña la ejecución, no sólo la estrategia",,,8,ARS,,1.200.000,600.000,300.000,1,,10/05/2026,3.600.000,cuotas,6,,Onboarding de Juan Pérez. Vende estética y quiere ordenar su venta.,Viene de una consultora anterior.,ninguno
FB-129,Silvia Ojeda,Lucía Fernández,silvia.ojeda@ejemplo.com,+54 9 11 5788 4356,4,09/09/2026,baja,Marketing,,,,,,Dejá de vender por referidos,LinkedIn,,producto,9,6,ARS,,,,,,,,2.400.000,cuotas,,sí,,,ninguno
FB-130,Juan Núñez,Mariana Rossi,juan.nunez@ejemplo.com,,4,28/02/2026,baja,Arquitectura,,,,,,,,,servicio,1,8,ARS,,,2.600.000,1.300.000,1,sí,,2.400.000,,4,,,,ninguno
FB-131,Verónica Ramírez,Camila Duarte,veronica.ramirez@ejemplo.com,+54 9 11 6561 6437,4,10/07/2026,activo,Nutrición,,,,,,Dejá de vender por referidos,Instagram,,servicio,,4,ARS,,,,1.600.000,4,,,,contado,,,Onboarding de Verónica Ramírez. Vende diseño de interiores y quiere ordenar su venta.,,verde
FB-132,Carla Gómez,Julieta Ponce,carla.gomez@ejemplo.com,,6,14/08/2026,baja,Estética,Servicio profesional a medida,Dueños de negocios chicos que ya facturan,No tiene un proceso de venta que se repita,Programa de 8 semanas con seguimiento,Duplicar las conversaciones en 60 días,,WhatsApp,"Acompaña la ejecución, no sólo la estrategia",infoproducto,,6,ARS,400.000,800.000,,,4,,,3.600.000,,6,sí,,,azul
FB-133,Fernando Molina,Paula Giménez,fernando.molina@ejemplo.com,+54 9 11 4179 1924,6,20/08/2026,finalizado,Estética,,,,,,,,,producto,6,7,ARS,2.400.000,12.000.000,2.400.000,2.400.000,4,,,3.600.000,,,,Onboarding de Fernando Molina. Vende diseño de interiores y quiere ordenar su venta.,,verde
FB-134,Gustavo Torres,Valentina Ruiz,gustavo.torres@ejemplo.com,+54 9 11 6319 6763,4,05/07/2026,baja,Contabilidad,,,,,,,,,servicio,5,,ARS,2.100.000,6.300.000,,2.100.000,,,,2.400.000,,,,,,ninguno
FB-135,Patricia Cabrera,Lucía Fernández,,+54 9 11 5365 3460,4,08/06/2026,pausado,Marketing,,,,,,Dejá de vender por referidos,,,,7,5,ARS,900.000,,900.000,900.000,2,sí,,2.400.000,,,,Onboarding de Patricia Cabrera. Vende contabilidad y quiere ordenar su venta.,,verde
FB-136,Diego Torres,Paula Giménez,diego.torres@ejemplo.com,+54 9 11 6453 8444,4,07/03/2026,pausado,Fotografía,Servicio profesional a medida,Dueños de negocios chicos que ya facturan,No tiene un proceso de venta que se repita,Programa de 8 semanas con seguimiento,Duplicar las conversaciones en 60 días,,,"Acompaña la ejecución, no sólo la estrategia",servicio,5,2,ARS,2.200.000,6.600.000,,,1,,,,,,sí,Onboarding de Diego Torres. Vende estética y quiere ordenar su venta.,Viene de una consultora anterior.,ninguno
FB-137,Andrea Bravo,Sofía Álvarez,,,4,24/08/2026,finalizado,Diseño de interiores,,,,,,,Instagram,,,4,,ARS,3.000.000,,6.000.000,3.000.000,1,no,24/08/2026,2.400.000,cuotas,,,,,azul
FB-138,Norma Ferreyra,Julieta Ponce,norma.ferreyra@ejemplo.com,,6,14/02/2026,activo,Software a medida,Servicio profesional a medida,Dueños de negocios chicos que ya facturan,No tiene un proceso de venta que se repita,Programa de 8 semanas con seguimiento,Duplicar las conversaciones en 60 días,,,"Acompaña la ejecución, no sólo la estrategia",servicio,,,ARS,,10.200.000,,,2,no,,3.600.000,,6,,Onboarding de Norma Ferreyra. Vende arquitectura y quiere ordenar su venta.,Viene de una consultora anterior.,verde
FB-139,Diego Benítez,Paula Giménez,,+54 9 11 5046 8671,6,28/02/2026,baja,Arquitectura,,,,,,,Instagram,,infoproducto,11,,ARS,2.500.000,10.000.000,2.500.000,2.500.000,1,,,3.600.000,cuotas,,sí,Onboarding de Diego Benítez. Vende software a medida y quiere ordenar su venta.,Viene de una consultora anterior.,ninguno
FB-140,Norma Benítez,Camila Duarte,norma.benitez@ejemplo.com,,6,23/05/2026,finalizado,Fotografía,,,,,,,Referidos,,infoproducto,,,ARS,1.300.000,5.200.000,,1.300.000,0,,23/05/2026,,cuotas,6,,Onboarding de Norma Benítez. Vende diseño de interiores y quiere ordenar su venta.,,azul
FB-141,Lorena Torres,Lucía Fernández,lorena.torres@ejemplo.com,,4,23/03/2026,activo,Software a medida,,,,,,,,,servicio,,5,ARS,2.900.000,,,2.900.000,,,,2.400.000,cuotas,,,Onboarding de Lorena Torres. Vende fotografía y quiere ordenar su venta.,,azul
FB-142,Lorena Ibáñez,Lucía Fernández,,,4,04/09/2026,pausado,Indumentaria,,,,,,Dejá de vender por referidos,Instagram,,,14,1,ARS,800.000,4.000.000,2.400.000,800.000,2,,,2.400.000,cuotas,,,,,azul
FB-143,Hernán Villalba,Mariana Rossi,hernan.villalba@ejemplo.com,+54 9 11 5318 4625,6,29/08/2026,activo,Marketing,,,,,,,,,servicio,,,ARS,2.200.000,4.400.000,,,1,no,,,,,,,,verde
FB-144,Gustavo Márquez,Paula Giménez,gustavo.marquez@ejemplo.com,,4,20/03/2026,baja,Arquitectura,,,,,,Dejá de vender por referidos,,,infoproducto,12,,ARS,800.000,2.400.000,2.400.000,800.000,,sí,,2.400.000,cuotas,,,,,azul
FB-145,Nicolás Escobar,Julieta Ponce,,+54 9 11 5039 3775,6,07/09/2026,activo,Marketing,Servicio profesional a medida,Dueños de negocios chicos que ya facturan,No tiene un proceso de venta que se repita,Programa de 8 semanas con seguimiento,Duplicar las conversaciones en 60 días,,,"Acompaña la ejecución, no sólo la estrategia",,,0,ARS,1.600.000,,1.600.000,,1,,,3.600.000,,,sí,Onboarding de Nicolás Escobar. Vende indumentaria y quiere ordenar su venta.,,ninguno
FB-146,Pablo Torres,Lucía Fernández,,+54 9 11 4377 2674,4,12/08/2026,finalizado,Estética,Servicio profesional a medida,Dueños de negocios chicos que ya facturan,No tiene un proceso de venta que se repita,Programa de 8 semanas con seguimiento,Duplicar las conversaciones en 60 días,,,"Acompaña la ejecución, no sólo la estrategia",infoproducto,7,,ARS,,7.500.000,,1.500.000,4,,12/08/2026,2.400.000,,4,sí,,,ninguno
FB-147,Silvia Gómez,Camila Duarte,silvia.gomez@ejemplo.com,,4,24/02/2026,activo,Software a medida,,,,,,Dejá de vender por referidos,,,servicio,,3,ARS,1.100.000,,3.300.000,,4,sí,,2.400.000,,,,,,azul
FB-148,Rodrigo Núñez,Paula Giménez,,+54 9 11 6279 3199,6,17/03/2026,pausado,Nutrición,,,,,,Dejá de vender por referidos,,,,4,,ARS,1.600.000,,4.800.000,,,no,,3.600.000,cuotas,,sí,,Viene de una consultora anterior.,verde
FB-149,Pablo Sosa,Camila Duarte,,+54 9 11 6194 4975,4,16/03/2026,finalizado,Fotografía,Servicio profesional a medida,Dueños de negocios chicos que ya facturan,No tiene un proceso de venta que se repita,Programa de 8 semanas con seguimiento,Duplicar las conversaciones en 60 días,Dejá de vender por referidos,,"Acompaña la ejecución, no sólo la estrategia",infoproducto,,0,ARS,1.400.000,7.000.000,4.200.000,,,,,,cuotas,,sí,,,verde
FB-150,Fernando Bravo,Paula Giménez,,+54 9 11 6186 1742,6,06/03/2026,activo,Arquitectura,Servicio profesional a medida,Dueños de negocios chicos que ya facturan,No tiene un proceso de venta que se repita,Programa de 8 semanas con seguimiento,Duplicar las conversaciones en 60 días,Dejá de vender por referidos,,"Acompaña la ejecución, no sólo la estrategia",,14,,ARS,2.900.000,,5.800.000,2.900.000,4,sí,06/03/2026,3.600.000,,,,,,verde
FB-151,Carla Suárez,Paula Giménez,carla.suarez@ejemplo.com,+54 9 11 5250 4040,6,30/07/2026,activo,Arquitectura,,,,,,Dejá de vender por referidos,Instagram,,,9,8,ARS,2.500.000,,,,1,,30/07/2026,3.600.000,contado,6,,,,ninguno
FB-152,Cecilia Ramírez,Julieta Ponce,cecilia.ramirez@ejemplo.com,,6,17/05/2026,activo,Software a medida,,,,,,Dejá de vender por referidos,,,,6,8,ARS,800.000,4.800.000,2.400.000,800.000,0,,,,,6,,,,ninguno
FB-153,Pablo Ledesma,Sofía Álvarez,,+54 9 11 4275 8261,4,23/04/2026,activo,Contabilidad,,,,,,Dejá de vender por referidos,,,,9,0,ARS,,5.400.000,8.100.000,,4,no,,2.400.000,cuotas,,sí,,,verde
FB-154,Verónica Benítez,Valentina Ruiz,veronica.benitez@ejemplo.com,+54 9 11 5133 6573,4,16/06/2026,finalizado,Estética,,,,,,,Instagram,,servicio,,0,ARS,500.000,2.500.000,1.500.000,500.000,3,,,2.400.000,cuotas,4,sí,,,verde
FB-155,Lorena Molina,Julieta Ponce,lorena.molina@ejemplo.com,,6,30/05/2026,activo,Marketing,,,,,,Dejá de vender por referidos,,,infoproducto,10,,ARS,,,,2.100.000,2,,30/05/2026,,contado,6,,,,ninguno
FB-156,Fernando Ferreyra,Sofía Álvarez,fernando.ferreyra@ejemplo.com,+54 9 11 4837 1608,4,31/05/2026,activo,Diseño de interiores,Servicio profesional a medida,Dueños de negocios chicos que ya facturan,No tiene un proceso de venta que se repita,Programa de 8 semanas con seguimiento,Duplicar las conversaciones en 60 días,,LinkedIn,"Acompaña la ejecución, no sólo la estrategia",,9,,ARS,,3.000.000,,,1,no,31/05/2026,2.400.000,contado,,sí,Onboarding de Fernando Ferreyra. Vende nutrición y quiere ordenar su venta.,,verde
FB-157,Gabriela Torres,Camila Duarte,gabriela.torres@ejemplo.com,+54 9 11 4861 2170,4,05/05/2026,activo,Estética,Servicio profesional a medida,Dueños de negocios chicos que ya facturan,No tiene un proceso de venta que se repita,Programa de 8 semanas con seguimiento,Duplicar las conversaciones en 60 días,,LinkedIn,"Acompaña la ejecución, no sólo la estrategia",producto,14,,ARS,500.000,,,,4,,05/05/2026,2.400.000,,4,,,,azul
FB-158,Fernando Márquez,Paula Giménez,fernando.marquez@ejemplo.com,+54 9 11 5894 5019,4,05/08/2026,activo,Estética,,,,,,,Referidos,,,,7,ARS,2.500.000,,2.500.000,2.500.000,2,no,,2.400.000,cuotas,,,,,verde
FB-159,Lorena Cabrera,Sofía Álvarez,lorena.cabrera@ejemplo.com,+54 9 11 6554 7627,6,04/04/2026,finalizado,Indumentaria,,,,,,,WhatsApp,,producto,5,,ARS,1.800.000,3.600.000,3.600.000,1.800.000,,,,3.600.000,,,sí,,,azul
FB-160,Carla Cabrera,Valentina Ruiz,carla.cabrera@ejemplo.com,,6,30/04/2026,activo,Coaching,Servicio profesional a medida,Dueños de negocios chicos que ya facturan,No tiene un proceso de venta que se repita,Programa de 8 semanas con seguimiento,Duplicar las conversaciones en 60 días,,,"Acompaña la ejecución, no sólo la estrategia",servicio,2,0,ARS,500.000,1.500.000,500.000,,,no,,,contado,,,,Viene de una consultora anterior.,azul
FB-161,Andrea Ojeda,Lucía Fernández,andrea.ojeda@ejemplo.com,+54 9 11 5580 8298,6,15/08/2026,pausado,Coaching,,,,,,,,,infoproducto,13,,ARS,800.000,4.000.000,800.000,800.000,4,,,3.600.000,cuotas,6,sí,Onboarding de Andrea Ojeda. Vende contabilidad y quiere ordenar su venta.,,ninguno
FB-162,Norma Ibáñez,Paula Giménez,norma.ibanez@ejemplo.com,,4,21/04/2026,activo,Fotografía,,,,,,Dejá de vender por referidos,Instagram,,servicio,12,0,ARS,1.500.000,9.000.000,,,,,,,contado,,sí,,,ninguno
FB-163,Verónica Gómez,Lucía Fernández,veronica.gomez@ejemplo.com,+54 9 11 6993 2761,6,22/03/2026,finalizado,Fotografía,,,,,,,,,servicio,2,8,ARS,2.200.000,8.800.000,,,2,,,,,,sí,,,azul
FB-164,Carla Ramírez,Valentina Ruiz,carla.ramirez@ejemplo.com,,4,27/05/2026,activo,Indumentaria,,,,,,Dejá de vender por referidos,,,infoproducto,,2,ARS,1.000.000,5.000.000,3.000.000,,,,27/05/2026,2.400.000,cuotas,4,,Onboarding de Carla Ramírez. Vende diseño de interiores y quiere ordenar su venta.,,verde
FB-165,Nicolás Bravo,Paula Giménez,nicolas.bravo@ejemplo.com,+54 9 11 5502 3986,6,24/06/2026,finalizado,Diseño de interiores,,,,,,,,,producto,,,ARS,1.500.000,3.000.000,,1.500.000,,,24/06/2026,3.600.000,cuotas,,,,Viene de una consultora anterior.,verde
FB-166,Marta Villalba,Lucía Fernández,marta.villalba@ejemplo.com,+54 9 11 6189 4724,4,25/08/2026,activo,Nutrición,Servicio profesional a medida,Dueños de negocios chicos que ya facturan,No tiene un proceso de venta que se repita,Programa de 8 semanas con seguimiento,Duplicar las conversaciones en 60 días,,,"Acompaña la ejecución, no sólo la estrategia",,3,,ARS,,,4.500.000,,,sí,25/08/2026,,cuotas,,sí,,,verde
FB-167,Hernán Ramírez,Mariana Rossi,hernan.ramirez@ejemplo.com,+54 9 11 5888 8151,4,09/08/2026,activo,Diseño de interiores,,,,,,,WhatsApp,,servicio,,8,ARS,,10.800.000,1.800.000,1.800.000,3,,,2.400.000,contado,4,sí,,Viene de una consultora anterior.,ninguno
FB-168,Verónica Márquez,Mariana Rossi,veronica.marquez@ejemplo.com,,4,06/04/2026,baja,Estética,Servicio profesional a medida,Dueños de negocios chicos que ya facturan,No tiene un proceso de venta que se repita,Programa de 8 semanas con seguimiento,Duplicar las conversaciones en 60 días,Dejá de vender por referidos,,"Acompaña la ejecución, no sólo la estrategia",servicio,15,6,ARS,2.100.000,,,2.100.000,3,,06/04/2026,,cuotas,,,,,verde
FB-169,Norma Torres,Julieta Ponce,,+54 9 11 5155 5291,6,22/02/2026,activo,Coaching,Servicio profesional a medida,Dueños de negocios chicos que ya facturan,No tiene un proceso de venta que se repita,Programa de 8 semanas con seguimiento,Duplicar las conversaciones en 60 días,,WhatsApp,"Acompaña la ejecución, no sólo la estrategia",servicio,,,ARS,700.000,2.800.000,,,3,,22/02/2026,3.600.000,contado,6,,,,verde
FB-170,Hernán Cabrera,Sofía Álvarez,hernan.cabrera@ejemplo.com,,4,24/07/2026,activo,Diseño de interiores,,,,,,,,,servicio,,7,ARS,700.000,3.500.000,,,4,sí,,,cuotas,,sí,,Viene de una consultora anterior.,verde
FB-171,Matías Pérez,Lucía Fernández,,+54 9 11 6994 1961,4,05/09/2026,activo,Estética,,,,,,Dejá de vender por referidos,LinkedIn,,producto,,2,ARS,1.400.000,2.800.000,,,1,sí,05/09/2026,2.400.000,contado,,,,,ninguno
FB-172,Lorena Benítez,Valentina Ruiz,lorena.benitez@ejemplo.com,+54 9 11 4741 6584,4,28/03/2026,activo,Contabilidad,,,,,,,LinkedIn,,servicio,5,,ARS,2.700.000,16.200.000,,,,,,2.400.000,contado,,,Onboarding de Lorena Benítez. Vende estética y quiere ordenar su venta.,,verde
FB-173,Patricia Ojeda,Mariana Rossi,patricia.ojeda@ejemplo.com,+54 9 11 6715 8635,6,10/07/2026,activo,Software a medida,Servicio profesional a medida,Dueños de negocios chicos que ya facturan,No tiene un proceso de venta que se repita,Programa de 8 semanas con seguimiento,Duplicar las conversaciones en 60 días,,Referidos,"Acompaña la ejecución, no sólo la estrategia",producto,1,0,ARS,1.700.000,,,,3,no,10/07/2026,3.600.000,cuotas,,,,,ninguno
FB-174,Fernando Gómez,Lucía Fernández,fernando.gomez@ejemplo.com,+54 9 11 5023 8800,6,20/04/2026,finalizado,Contabilidad,Servicio profesional a medida,Dueños de negocios chicos que ya facturan,No tiene un proceso de venta que se repita,Programa de 8 semanas con seguimiento,Duplicar las conversaciones en 60 días,Dejá de vender por referidos,WhatsApp,"Acompaña la ejecución, no sólo la estrategia",servicio,8,,ARS,700.000,,,,,no,,,cuotas,,,,,verde
FB-175,Gabriela Bravo,Camila Duarte,gabriela.bravo@ejemplo.com,+54 9 11 6758 2457,6,13/03/2026,activo,Marketing,,,,,,,Referidos,,producto,,,ARS,1.300.000,,3.900.000,1.300.000,3,no,,3.600.000,,6,,Onboarding de Gabriela Bravo. Vende nutrición y quiere ordenar su venta.,,ninguno
FB-176,Diego Bravo,Sofía Álvarez,diego.bravo@ejemplo.com,,6,07/04/2026,pausado,Diseño de interiores,,,,,,,,,infoproducto,1,1,ARS,1.000.000,5.000.000,,1.000.000,4,no,,,contado,,,Onboarding de Diego Bravo. Vende marketing y quiere ordenar su venta.,,ninguno
FB-177,Juan Molina,Valentina Ruiz,juan.molina@ejemplo.com,+54 9 11 6602 8105,4,16/03/2026,finalizado,Indumentaria,,,,,,Dejá de vender por referidos,Referidos,,infoproducto,2,,ARS,600.000,,,600.000,,,,2.400.000,contado,,,,,azul
FB-178,Matías Ferreyra,Julieta Ponce,matias.ferreyra@ejemplo.com,+54 9 11 5332 9661,4,25/07/2026,activo,Estética,Servicio profesional a medida,Dueños de negocios chicos que ya facturan,No tiene un proceso de venta que se repita,Programa de 8 semanas con seguimiento,Duplicar las conversaciones en 60 días,Dejá de vender por referidos,,"Acompaña la ejecución, no sólo la estrategia",producto,,,ARS,,10.800.000,,,4,no,,2.400.000,contado,4,,Onboarding de Matías Ferreyra. Vende coaching y quiere ordenar su venta.,,azul
FB-179,Rodrigo Ledesma,Lucía Fernández,rodrigo.ledesma@ejemplo.com,+54 9 11 4985 6673,4,11/08/2026,activo,Arquitectura,,,,,,,,,infoproducto,,0,ARS,2.100.000,10.500.000,2.100.000,2.100.000,,,11/08/2026,2.400.000,cuotas,,,Onboarding de Rodrigo Ledesma. Vende arquitectura y quiere ordenar su venta.,Viene de una consultora anterior.,verde
FB-180,Diego Gómez,Valentina Ruiz,diego.gomez@ejemplo.com,,4,10/05/2026,activo,Contabilidad,,,,,,,Referidos,,,14,,ARS,,8.100.000,,,2,,,2.400.000,cuotas,4,,,,verde
FB-181,Cecilia Escobar,Paula Giménez,cecilia.escobar@ejemplo.com,,4,05/06/2026,activo,Software a medida,,,,,,,LinkedIn,,servicio,,8,ARS,1.500.000,7.500.000,,1.500.000,3,,05/06/2026,2.400.000,,,sí,Onboarding de Cecilia Escobar. Vende marketing y quiere ordenar su venta.,,azul
FB-182,Rodrigo Ferreyra,Paula Giménez,rodrigo.ferreyra@ejemplo.com,,4,19/06/2026,finalizado,Marketing,Servicio profesional a medida,Dueños de negocios chicos que ya facturan,No tiene un proceso de venta que se repita,Programa de 8 semanas con seguimiento,Duplicar las conversaciones en 60 días,,LinkedIn,"Acompaña la ejecución, no sólo la estrategia",servicio,1,5,ARS,900.000,,,900.000,2,,,,,,,Onboarding de Rodrigo Ferreyra. Vende software a medida y quiere ordenar su venta.,,verde
FB-183,Cecilia Márquez,Paula Giménez,cecilia.marquez@ejemplo.com,+54 9 11 5341 6669,6,20/05/2026,activo,Fotografía,Servicio profesional a medida,Dueños de negocios chicos que ya facturan,No tiene un proceso de venta que se repita,Programa de 8 semanas con seguimiento,Duplicar las conversaciones en 60 días,,Instagram,"Acompaña la ejecución, no sólo la estrategia",servicio,3,,ARS,700.000,,,,,no,,3.600.000,,6,,,Viene de una consultora anterior.,azul
FB-184,Andrea Ramírez,Mariana Rossi,andrea.ramirez@ejemplo.com,+54 9 11 4155 1827,4,03/08/2026,activo,Software a medida,Servicio profesional a medida,Dueños de negocios chicos que ya facturan,No tiene un proceso de venta que se repita,Programa de 8 semanas con seguimiento,Duplicar las conversaciones en 60 días,,Referidos,"Acompaña la ejecución, no sólo la estrategia",servicio,,1,ARS,800.000,1.600.000,,800.000,,sí,03/08/2026,2.400.000,cuotas,4,sí,,,azul
FB-185,Fernando Núñez,Camila Duarte,fernando.nunez@ejemplo.com,,4,27/06/2026,pausado,Nutrición,Servicio profesional a medida,Dueños de negocios chicos que ya facturan,No tiene un proceso de venta que se repita,Programa de 8 semanas con seguimiento,Duplicar las conversaciones en 60 días,Dejá de vender por referidos,,"Acompaña la ejecución, no sólo la estrategia",infoproducto,,3,ARS,1.100.000,,2.200.000,,,no,,,cuotas,,sí,Onboarding de Fernando Núñez. Vende estética y quiere ordenar su venta.,Viene de una consultora anterior.,verde
FB-186,Fernando Cabrera,Mariana Rossi,,,4,30/03/2026,activo,Software a medida,,,,,,,,,infoproducto,,,ARS,,,600.000,,,,,2.400.000,cuotas,,,,,verde
FB-187,Pablo Aguirre,Sofía Álvarez,pablo.aguirre@ejemplo.com,+54 9 11 4203 5317,4,18/05/2026,finalizado,Diseño de interiores,,,,,,,,,producto,4,,ARS,2.300.000,11.500.000,,2.300.000,0,,18/05/2026,2.400.000,,,,Onboarding de Pablo Aguirre. Vende estética y quiere ordenar su venta.,,azul
FB-188,Matías Núñez,Sofía Álvarez,matias.nunez@ejemplo.com,,4,27/05/2026,pausado,Estética,Servicio profesional a medida,Dueños de negocios chicos que ya facturan,No tiene un proceso de venta que se repita,Programa de 8 semanas con seguimiento,Duplicar las conversaciones en 60 días,,LinkedIn,"Acompaña la ejecución, no sólo la estrategia",producto,6,2,ARS,1.900.000,,5.700.000,,2,no,,,contado,,,,,ninguno
FB-189,Marta Torres,Sofía Álvarez,marta.torres@ejemplo.com,+54 9 11 6171 8309,4,15/08/2026,activo,Indumentaria,Servicio profesional a medida,Dueños de negocios chicos que ya facturan,No tiene un proceso de venta que se repita,Programa de 8 semanas con seguimiento,Duplicar las conversaciones en 60 días,,,"Acompaña la ejecución, no sólo la estrategia",servicio,15,,ARS,2.600.000,15.600.000,,,0,sí,,,contado,4,sí,,,azul
FB-190,Patricia Ferreyra,Mariana Rossi,patricia.ferreyra@ejemplo.com,,4,01/03/2026,pausado,Coaching,,,,,,,Instagram,,servicio,,3,ARS,,,1.500.000,,0,,,2.400.000,contado,,,,,azul
FB-191,Pablo Núñez,Mariana Rossi,pablo.nunez@ejemplo.com,,6,10/08/2026,finalizado,Fotografía,,,,,,Dejá de vender por referidos,,,producto,4,,ARS,,,1.200.000,,3,,10/08/2026,,cuotas,6,sí,,,azul
FB-192,Cecilia Benítez,Mariana Rossi,cecilia.benitez@ejemplo.com,+54 9 11 5335 8703,4,20/05/2026,activo,Diseño de interiores,,,,,,Dejá de vender por referidos,,,,15,4,ARS,,8.500.000,,,,sí,,2.400.000,contado,,,Onboarding de Cecilia Benítez. Vende indumentaria y quiere ordenar su venta.,Viene de una consultora anterior.,azul
FB-193,Andrea Aguirre,Mariana Rossi,,+54 9 11 4798 2573,6,10/07/2026,activo,Fotografía,,,,,,,,,producto,,1,ARS,,9.500.000,3.800.000,1.900.000,1,,10/07/2026,3.600.000,,6,sí,Onboarding de Andrea Aguirre. Vende coaching y quiere ordenar su venta.,,verde
FB-194,Patricia Ibáñez,Paula Giménez,patricia.ibanez@ejemplo.com,+54 9 11 5759 7841,6,02/09/2026,activo,Fotografía,,,,,,,WhatsApp,,producto,9,,ARS,2.400.000,7.200.000,2.400.000,,1,no,,3.600.000,cuotas,,sí,Onboarding de Patricia Ibáñez. Vende arquitectura y quiere ordenar su venta.,,azul
FB-195,,Mariana Rossi,,,,,activo,,,,,,,,,,,,,,,,,,,,,,,,,,,
FB-196,hernan ledesma,Mariana Rossi,,,,,activo,,,,,,,,,,,,,,,,,,,,,,,,,,,
FB-197,Tomás Iriarte,Paula Giménez,,,4,cuando pueda,activo,,,,,,,,,,,,,,,lo que salga,,,,,,,,,,,,
FB-198,Elena Suárez,Paula Giménez,,,4,10/03/2026,congelado,,,,,,,,,,,,,,,,,,,,,,,,,,,
FB-199,Elena Suárez,Paula Giménez,,,6,11/03/2026,activo,,,,,,,,,,,,,,,,,,,,,,,,,,,
